k,ERICA statistic (CRI),per-cluster CRI,cluster sizes
2,0.9973904102540636,"(0.995, 1.000)","[61, 39]"
3,0.9270993776109747,"(0.953, 0.980, 0.848)","[31, 30, 39]"
4,0.9864678831381615,"(0.988, 0.991, 0.974, 0.992)","[31, 30, 19, 20]"
5,0.8266662741602261,"(0.751, 0.790, 0.870, 0.895, NA)","[31, 30, 19, 20, 0]"
6,0.7209001139784366,"(NA, 0.637, 0.631, 0.820, 0.797, NA)","[0, 31, 30, 19, 20, 0]"
