k,CRI,WCRI,TWCRI
2,0.9973904102540636,0.4984081502549788,0.9968163005099576
3,0.9270993776109747,0.30675906333912817,0.9202771900173845
4,0.9864678831381615,0.24680731189423338,0.9872292475769335
5,,,
6,,,
