dataset,method,K,primary_cluster,target_cluster,n_samples,mean_pct,var_pct,std_pct
gmm_overlapping_pair,kmeans,3,1,1,182,99.61631680048,13.130440557938428,3.623594977082625
gmm_overlapping_pair,kmeans,3,1,2,182,0.3836831995199985,13.130440557938428,3.623594977082625
gmm_overlapping_pair,kmeans,3,1,3,182,0.0,0.0,0.0
gmm_overlapping_pair,kmeans,3,2,1,218,0.37019340499009196,9.09406155918714,3.015636178186477
gmm_overlapping_pair,kmeans,3,2,2,218,99.62980659500991,9.09406155918714,3.015636178186477
gmm_overlapping_pair,kmeans,3,2,3,218,0.0,0.0,0.0
gmm_overlapping_pair,kmeans,3,3,1,100,0.0,0.0,0.0
gmm_overlapping_pair,kmeans,3,3,2,100,0.0,0.0,0.0
gmm_overlapping_pair,kmeans,3,3,3,100,100.0,0.0,0.0
